{
   "loss": [
      7.89641809463501,
      5.335450172424316,
      4.3902268409729,
      4.147059440612793,
      3.962616205215454,
      3.698471784591675,
      3.17136549949646,
      2.66485857963562,
      2.4523327350616455,
      2.3429126739501953
   ],
   "accuracy": [
      0.299245685338974,
      0.32887929677963257,
      0.3274066150188446,
      0.33290231227874756,
      0.375251442193985,
      0.41860631108283997,
      0.5040588974952698,
      0.5672054886817932,
      0.6430675387382507,
      0.673994243144989
   ],
   "val_loss": [
      7.255194664001465,
      4.698263168334961,
      4.255123615264893,
      4.06884241104126,
      3.893458127975464,
      3.526106834411621,
      2.8466482162475586,
      2.5283193588256836,
      2.440859794616699,
      2.409313917160034
   ],
   "val_accuracy": [
      0.33089080452919006,
      0.45589080452919006,
      0.33089080452919006,
      0.33089080452919006,
      0.33089080452919006,
      0.5808908343315125,
      0.45589080452919006,
      0.6698275804519653,
      0.6785919666290283,
      0.6877873539924622
   ],
   "epochs": 10,
   "df_length": 4350,
   "percentage_true_neg": 0,
   "batch_size": 300,
   "input_vocab": {
      "total_words": 32054,
      "unique_words": 3090,
      "max_in_sentence_length": 9,
      "in_voc_size": 3089
   },
   "output_vocab": {
      "total_words": 23345,
      "unique_words": 3078,
      "max_in_sentence_length": 8,
      "in_voc_size": 3077
   },
   "to_predict": "author mrs ' otis sawayn '",
   "prediction": "author ' <PAD> <PAD> ' <PAD> <PAD> <PAD>"
}