{
   "loss": [
      7.914665699005127,
      5.417544841766357,
      4.432537078857422,
      4.1722636222839355,
      3.9573848247528076,
      3.64264178276062,
      3.068066358566284,
      2.6199798583984375,
      2.4456682205200195,
      2.3503479957580566
   ],
   "accuracy": [
      0.3009338974952698,
      0.33078303933143616,
      0.3343031704425812,
      0.3404094874858856,
      0.42040228843688965,
      0.47887930274009705,
      0.5022988319396973,
      0.588505744934082,
      0.6544181108474731,
      0.6774784326553345
   ],
   "val_loss": [
      7.3586297035217285,
      4.708980083465576,
      4.247213840484619,
      4.0713324546813965,
      3.85941481590271,
      3.394359827041626,
      2.784484386444092,
      2.505072593688965,
      2.434554100036621,
      2.405724048614502
   ],
   "val_accuracy": [
      0.33089080452919006,
      0.45589080452919006,
      0.33089080452919006,
      0.33089080452919006,
      0.45589080452919006,
      0.45589080452919006,
      0.45589080452919006,
      0.6818965673446655,
      0.6826149225234985,
      0.6864942312240601
   ],
   "epochs": 10,
   "df_length": 4350,
   "percentage_true_neg": 0,
   "batch_size": 300,
   "input_vocab": {
      "total_words": 32054,
      "unique_words": 3090,
      "max_in_sentence_length": 9,
      "in_voc_size": 3089
   },
   "output_vocab": {
      "total_words": 23345,
      "unique_words": 3078,
      "max_in_sentence_length": 8,
      "in_voc_size": 3077
   },
   "to_predict": "author mrs ' otis sawayn '",
   "prediction": "author ' <PAD> <PAD> ' <PAD> <PAD> <PAD>"
}