{
   "loss": [
      7.901203632354736,
      5.352978706359863
   ],
   "accuracy": [
      0.2929956912994385,
      0.3243534564971924
   ],
   "val_loss": [
      7.273209571838379,
      4.822596549987793
   ],
   "val_accuracy": [
      0.33089080452919006,
      0.33089080452919006
   ],
   "epochs": 2,
   "df_length": 4350,
   "percentage_true_neg": 0,
   "batch_size": 300,
   "input_vocab": {
      "total_words": 32054,
      "unique_words": 3090,
      "max_in_sentence_length": 9,
      "in_voc_size": 3089
   },
   "output_vocab": {
      "total_words": 23345,
      "unique_words": 3078,
      "max_in_sentence_length": 8,
      "in_voc_size": 3077
   },
   "to_predict": "author mrs ' otis sawayn '",
   "prediction": "<PAD> <PAD> <PAD> <PAD> <PAD> <PAD> <PAD> <PAD>"
}