{
   "loss": [
      7.915206432342529,
      5.4369730949401855
   ],
   "accuracy": [
      0.2802083194255829,
      0.328125
   ],
   "val_loss": [
      7.358521461486816,
      4.690018653869629
   ],
   "val_accuracy": [
      0.33089080452919006,
      0.33089080452919006
   ],
   "epochs": 2,
   "df_length": 4350,
   "percentage_true_neg": 0,
   "batch_size": 300,
   "input_vocab": {
      "total_words": 32054,
      "unique_words": 3090,
      "max_in_sentence_length": 9,
      "in_voc_size": 3089
   },
   "output_vocab": {
      "total_words": 23345,
      "unique_words": 3078,
      "max_in_sentence_length": 8,
      "in_voc_size": 3077
   },
   "init_seq": "init sequence",
   "to_predict": "author mrs ' otis sawayn '",
   "prediction": "<PAD> <PAD> <PAD> <PAD> <PAD> <PAD> <PAD> <PAD>"
}