{
   "loss": [
      7.886542320251465,
      5.320957183837891
   ],
   "accuracy": [
      0.3086925148963928,
      0.3296336233615875
   ],
   "val_loss": [
      7.222576141357422,
      4.735925197601318
   ],
   "val_accuracy": [
      0.33089080452919006,
      0.45589080452919006
   ],
   "epochs": 2,
   "df_length": 4350,
   "percentage_true_neg": 0,
   "batch_size": 300,
   "input_vocab": {
      "total_words": 32054,
      "unique_words": 3090,
      "max_in_sentence_length": 9,
      "in_voc_size": 3089
   },
   "output_vocab": {
      "total_words": 23345,
      "unique_words": 3078,
      "max_in_sentence_length": 8,
      "in_voc_size": 3077
   },
   "to_predict": "author mrs ' otis sawayn '",
   "prediction": "' ' ' <PAD> <PAD> <PAD> <PAD> <PAD>"
}