{
   "loss": [
      7.864792346954346,
      5.206636905670166
   ],
   "accuracy": [
      0.2904454171657562,
      0.325502872467041
   ],
   "val_loss": [
      7.050879955291748,
      4.714810848236084
   ],
   "val_accuracy": [
      0.33089080452919006,
      0.2518678307533264
   ],
   "epochs": 2,
   "df_length": 4350,
   "percentage_true_neg": 0,
   "batch_size": 300,
   "input_vocab": {
      "total_words": 32054,
      "unique_words": 3090,
      "max_in_sentence_length": 9,
      "in_voc_size": 3089
   },
   "output_vocab": {
      "total_words": 23345,
      "unique_words": 3078,
      "max_in_sentence_length": 8,
      "in_voc_size": 3077
   },
   "to_predict": "author mrs ' otis sawayn '",
   "prediction": "' ' ' ' ' ' ' '"
}