{
   "loss": [
      7.909180641174316,
      5.399997234344482,
      4.4249420166015625,
      4.163636207580566,
      3.9625048637390137,
      3.6668381690979004
   ],
   "accuracy": [
      0.29242098331451416,
      0.33010056614875793,
      0.33279454708099365,
      0.3442169427871704,
      0.4128592014312744,
      0.47769397497177124
   ],
   "val_loss": [
      7.322014808654785,
      4.720269680023193,
      4.258718013763428,
      4.076985836029053,
      3.8774704933166504,
      3.447112798690796
   ],
   "val_accuracy": [
      0.33089080452919006,
      0.45589080452919006,
      0.33089080452919006,
      0.33089080452919006,
      0.45589080452919006,
      0.45589080452919006
   ],
   "epochs": 6,
   "df_length": 4350,
   "percentage_true_neg": 0,
   "batch_size": 300,
   "input_vocab": {
      "total_words": 32054,
      "unique_words": 3090,
      "max_in_sentence_length": 9,
      "in_voc_size": 3089
   },
   "output_vocab": {
      "total_words": 23345,
      "unique_words": 3078,
      "max_in_sentence_length": 8,
      "in_voc_size": 3077
   },
   "init_seq": "init sequence",
   "to_predict": "author mrs ' otis sawayn '",
   "prediction": "author author ' ' <PAD> <PAD> <PAD> <PAD>"
}