{
   "loss": [
      7.908029079437256,
      5.400045394897461,
      4.460183620452881,
      4.195977210998535,
      4.028628826141357,
      3.8327503204345703
   ],
   "accuracy": [
      0.29956895112991333,
      0.32758620381355286,
      0.3256465494632721,
      0.3379669487476349,
      0.37550288438796997,
      0.39823994040489197
   ],
   "val_loss": [
      7.3260579109191895,
      4.798485279083252,
      4.287489891052246,
      4.143490791320801,
      3.9855258464813232,
      3.7427706718444824
   ],
   "val_accuracy": [
      0.33089080452919006,
      0.33089080452919006,
      0.33089080452919006,
      0.33089080452919006,
      0.33089080452919006,
      0.45589080452919006
   ],
   "epochs": 6,
   "df_length": 4350,
   "percentage_true_neg": 0,
   "batch_size": 300,
   "input_vocab": {
      "total_words": 32054,
      "unique_words": 3090,
      "max_in_sentence_length": 9,
      "in_voc_size": 3089
   },
   "output_vocab": {
      "total_words": 23345,
      "unique_words": 3078,
      "max_in_sentence_length": 8,
      "in_voc_size": 3077
   },
   "to_predict": "author mrs ' otis sawayn '",
   "prediction": "' ' ' <PAD> <PAD> <PAD> <PAD> <PAD>"
}