{
   "loss": [
      7.860490798950195,
      5.1863298416137695,
      4.370004177093506,
      4.140376091003418,
      3.9429128170013428,
      3.6424036026000977
   ],
   "accuracy": [
      0.301867812871933,
      0.32852011919021606,
      0.3369971215724945,
      0.3516522943973541,
      0.4176005721092224,
      0.48218390345573425
   ],
   "val_loss": [
      7.0361175537109375,
      4.707116603851318,
      4.263030529022217,
      4.070182800292969,
      3.8634889125823975,
      3.420560121536255
   ],
   "val_accuracy": [
      0.33089080452919006,
      0.4623563289642334,
      0.33089080452919006,
      0.45589080452919006,
      0.45589080452919006,
      0.5808908343315125
   ],
   "epochs": 6,
   "df_length": 4350,
   "percentage_true_neg": 0,
   "batch_size": 300,
   "input_vocab": {
      "total_words": 32054,
      "unique_words": 3090,
      "max_in_sentence_length": 9,
      "in_voc_size": 3089
   },
   "output_vocab": {
      "total_words": 23345,
      "unique_words": 3078,
      "max_in_sentence_length": 8,
      "in_voc_size": 3077
   },
   "to_predict": "author mrs ' otis sawayn '",
   "prediction": "author ' ' ' <PAD> <PAD> <PAD> <PAD>"
}