{
   "loss": [
      7.9065680503845215,
      5.398571014404297,
      4.460750102996826,
      4.168251037597656,
      3.954841375350952,
      3.6251473426818848
   ],
   "accuracy": [
      0.3332255780696869,
      0.3450790345668793,
      0.34770116209983826,
      0.38642242550849915,
      0.4441092014312744,
      0.4852011501789093
   ],
   "val_loss": [
      7.321491241455078,
      4.823192119598389,
      4.281418323516846,
      4.0920634269714355,
      3.8306949138641357,
      3.372267961502075
   ],
   "val_accuracy": [
      0.33089080452919006,
      0.33089080452919006,
      0.33089080452919006,
      0.45589080452919006,
      0.45589080452919006,
      0.5808908343315125
   ],
   "epochs": 6,
   "df_length": 4350,
   "percentage_true_neg": 0,
   "batch_size": 300,
   "input_vocab": {
      "total_words": 32054,
      "unique_words": 3090,
      "max_in_sentence_length": 9,
      "in_voc_size": 3089
   },
   "output_vocab": {
      "total_words": 23345,
      "unique_words": 3078,
      "max_in_sentence_length": 8,
      "in_voc_size": 3077
   },
   "to_predict": "author mrs ' otis sawayn '",
   "prediction": "author ' ' ' <PAD> <PAD> <PAD> <PAD>"
}