{
   "loss": [
      7.900108814239502,
      5.327636241912842,
      4.440609931945801,
      4.163118839263916,
      3.9542176723480225
   ],
   "accuracy": [
      0.3191451132297516,
      0.34382185339927673,
      0.3507183790206909,
      0.37744253873825073,
      0.43577587604522705
   ],
   "val_loss": [
      7.262876987457275,
      4.818835258483887,
      4.2811503410339355,
      4.095516204833984,
      3.851313829421997
   ],
   "val_accuracy": [
      0.45589080452919006,
      0.33089080452919006,
      0.33089080452919006,
      0.45589080452919006,
      0.45589080452919006
   ],
   "epochs": 5,
   "df_length": 4350,
   "percentage_true_neg": 0,
   "batch_size": 300,
   "input_vocab": {
      "total_words": 32054,
      "unique_words": 3090,
      "max_in_sentence_length": 9,
      "in_voc_size": 3089
   },
   "output_vocab": {
      "total_words": 23345,
      "unique_words": 3078,
      "max_in_sentence_length": 8,
      "in_voc_size": 3077
   },
   "to_predict": "author mrs ' otis sawayn '",
   "prediction": "' ' ' <PAD> <PAD> <PAD> <PAD> <PAD>"
}