{
   "loss": [
      7.8883585929870605,
      5.312440395355225,
      4.433857440948486,
      4.182730674743652,
      4.00446891784668
   ],
   "accuracy": [
      0.28972700238227844,
      0.32640087604522705,
      0.3216235637664795,
      0.3336566090583801,
      0.35599857568740845
   ],
   "val_loss": [
      7.221301078796387,
      4.782809734344482,
      4.287552833557129,
      4.122742176055908,
      3.9582934379577637
   ],
   "val_accuracy": [
      0.33089080452919006,
      0.33089080452919006,
      0.33089080452919006,
      0.33089080452919006,
      0.33089080452919006
   ],
   "epochs": 5,
   "df_length": 4350,
   "percentage_true_neg": 0,
   "batch_size": 300,
   "input_vocab": {
      "total_words": 32054,
      "unique_words": 3090,
      "max_in_sentence_length": 9,
      "in_voc_size": 3089
   },
   "output_vocab": {
      "total_words": 23345,
      "unique_words": 3078,
      "max_in_sentence_length": 8,
      "in_voc_size": 3077
   },
   "to_predict": "author mrs ' otis sawayn '",
   "prediction": "<PAD> <PAD> <PAD> <PAD> <PAD> <PAD> <PAD> <PAD>"
}