{
   "loss": [
      7.91254997253418,
      5.442806720733643,
      4.478621959686279,
      4.195014953613281,
      4.010616779327393
   ],
   "accuracy": [
      0.2955459654331207,
      0.3294540345668793,
      0.3261134922504425,
      0.3370330333709717,
      0.37600573897361755
   ],
   "val_loss": [
      7.361238479614258,
      4.790799140930176,
      4.268968105316162,
      4.116238117218018,
      3.9354801177978516
   ],
   "val_accuracy": [
      0.33089080452919006,
      0.33089080452919006,
      0.33089080452919006,
      0.33089080452919006,
      0.33089080452919006
   ],
   "epochs": 5,
   "df_length": 4350,
   "percentage_true_neg": 0,
   "batch_size": 300,
   "input_vocab": {
      "total_words": 32054,
      "unique_words": 3090,
      "max_in_sentence_length": 9,
      "in_voc_size": 3089
   },
   "output_vocab": {
      "total_words": 23345,
      "unique_words": 3078,
      "max_in_sentence_length": 8,
      "in_voc_size": 3077
   },
   "to_predict": "author mrs ' otis sawayn '",
   "prediction": "' <PAD> <PAD> <PAD> <PAD> <PAD> <PAD> <PAD>"
}