{
   "loss": [
      7.906240463256836,
      5.374719142913818,
      4.474390983581543,
      4.205246448516846
   ],
   "accuracy": [
      0.2930675148963928,
      0.32902297377586365,
      0.328376442193985,
      0.3383261561393738
   ],
   "val_loss": [
      7.295027256011963,
      4.799685478210449,
      4.2869954109191895,
      4.134500026702881
   ],
   "val_accuracy": [
      0.33089080452919006,
      0.33089080452919006,
      0.33089080452919006,
      0.33089080452919006
   ],
   "epochs": 4,
   "df_length": 4350,
   "percentage_true_neg": 0,
   "batch_size": 300,
   "input_vocab": {
      "total_words": 32054,
      "unique_words": 3090,
      "max_in_sentence_length": 9,
      "in_voc_size": 3089
   },
   "output_vocab": {
      "total_words": 23345,
      "unique_words": 3078,
      "max_in_sentence_length": 8,
      "in_voc_size": 3077
   },
   "init_seq": "init sequence",
   "to_predict": "author mrs ' otis sawayn '",
   "prediction": "<PAD> <PAD> <PAD> <PAD> <PAD> <PAD> <PAD> <PAD>"
}