{
   "loss": [
      7.8982343673706055,
      5.338677883148193,
      4.42958402633667,
      4.19706916809082
   ],
   "accuracy": [
      0.2811422348022461,
      0.3270474076271057,
      0.31091955304145813,
      0.32984912395477295
   ],
   "val_loss": [
      7.239884853363037,
      4.714520454406738,
      4.2879838943481445,
      4.118228435516357
   ],
   "val_accuracy": [
      0.33089080452919006,
      0.33089080452919006,
      0.33089080452919006,
      0.33089080452919006
   ],
   "epochs": 4,
   "df_length": 4350,
   "percentage_true_neg": 0,
   "batch_size": 300,
   "input_vocab": {
      "total_words": 32054,
      "unique_words": 3090,
      "max_in_sentence_length": 9,
      "in_voc_size": 3089
   },
   "output_vocab": {
      "total_words": 23345,
      "unique_words": 3078,
      "max_in_sentence_length": 8,
      "in_voc_size": 3077
   },
   "to_predict": "author mrs ' otis sawayn '",
   "prediction": "<PAD> <PAD> <PAD> <PAD> <PAD> <PAD> <PAD> <PAD>"
}