{
   "loss": [
      7.899791240692139,
      5.354640007019043,
      4.442812919616699,
      4.169416427612305
   ],
   "accuracy": [
      0.3132183849811554,
      0.32995688915252686,
      0.3425646424293518,
      0.36429598927497864
   ],
   "val_loss": [
      7.264560699462891,
      4.792044162750244,
      4.278264045715332,
      4.095643997192383
   ],
   "val_accuracy": [
      0.33089080452919006,
      0.33089080452919006,
      0.33089080452919006,
      0.45589080452919006
   ],
   "epochs": 4,
   "df_length": 4350,
   "percentage_true_neg": 0,
   "batch_size": 300,
   "input_vocab": {
      "total_words": 32054,
      "unique_words": 3090,
      "max_in_sentence_length": 9,
      "in_voc_size": 3089
   },
   "output_vocab": {
      "total_words": 23345,
      "unique_words": 3078,
      "max_in_sentence_length": 8,
      "in_voc_size": 3077
   },
   "to_predict": "author mrs ' otis sawayn '",
   "prediction": "' ' <PAD> <PAD> <PAD> <PAD> <PAD> <PAD>"
}